<?xml version="1.0" encoding="utf-8" ?>
<tungrorum>
	<tiles>
		<tile>
			<road north="0" east="0" south="0" west="0" />
			<area north="1" east="0" south="0" west="0" center="0" />
			<center>0</center>
			<quantity>5</quantity>
		</tile>
		<tile>
			<road north="0" east="0" south="0" west="0" />
			<area north="1" east="1" south="0" west="0" center="0" />
			<center>0</center>
			<quantity>2</quantity>
		</tile>
		<tile>
			<road north="0" east="0" south="0" west="0" />
			<area north="0" east="1" south="0" west="1" center="0" />
			<center>0</center>
			<quantity>3</quantity>
		</tile>
		<tile>
			<road north="0" east="1" south="1" west="0" />
			<area north="1" east="0" south="0" west="0" center="0" />
			<center>0</center>
			<quantity>3</quantity>
		</tile>
		<tile>
			<road north="0" east="0" south="1" west="1" />
			<area north="1" east="0" south="0" west="0" center="0" />
			<center>0</center>
			<quantity>3</quantity>
		</tile>
		<tile>
			<road north="0" east="1" south="1" west="1" />
			<area north="1" east="0" south="0" west="0" center="0" />
			<center>0</center>
			<quantity>3</quantity>
		</tile>

		<tile>
			<road north="0" east="1" south="0" west="1" />
			<area north="1" east="0" south="0" west="0" center="0" />
			<center>0</center>
			<quantity>4</quantity>
		</tile>
		<tile>
			<road north="0" east="0" south="0" west="0" />
			<area north="1" east="0" south="0" west="1" center="1" />
			<center>0</center>
			<quantity>5</quantity>
		</tile>
		<tile>
			<road north="0" east="1" south="1" west="0" />
			<area north="1" east="0" south="0" west="1" center="1" />
			<center>0</center>
			<quantity>5</quantity>
		</tile>
		<tile>
			<road north="0" east="0" south="0" west="0" />
			<area north="0" east="1" south="0" west="1" center="1" />
			<center>0</center>
			<quantity>3</quantity>
		</tile>

		<tile>
			<road north="0" east="0" south="0" west="0" />
			<area north="1" east="1" south="0" west="1" center="1" />
			<center>0</center>
			<quantity>4</quantity>
		</tile>
		<tile>
			<road north="0" east="0" south="1" west="0" />
			<area north="1" east="1" south="0" west="1" center="1" />
			<center>0</center>
			<quantity>3</quantity>
		</tile>
		<tile>
			<road north="0" east="0" south="0" west="0" />
			<area north="1" east="1" south="1" west="1" center="1" />
			<center>0</center>
			<quantity>1</quantity>
		</tile>

		<tile>
			<road north="0" east="0" south="0" west="0" />
			<area north="0" east="0" south="0" west="0" center="0" />
			<center>1</center>
			<quantity>4</quantity>
		</tile>
		<tile>
			<road north="0" east="0" south="1" west="0" />
			<area north="0" east="0" south="0" west="0" center="0" />
			<center>1</center>
			<quantity>2</quantity>
		</tile>
		<tile>
			<road north="1" east="0" south="1" west="0" />
			<area north="0" east="0" south="0" west="0" center="0" />
			<center>0</center>
			<quantity>8</quantity>
		</tile>
		<tile>
			<road north="0" east="0" south="1" west="1" />
			<area north="0" east="0" south="0" west="0" center="0" />
			<center>0</center>
			<quantity>9</quantity>
		</tile>
		<tile>
			<road north="0" east="1" south="1" west="1" />
			<area north="0" east="0" south="0" west="0" center="0" />
			<center>0</center>
			<quantity>4</quantity>
		</tile>
		<tile>
			<road north="1" east="1" south="1" west="1" />
			<area north="0" east="0" south="0" west="0" center="0" />
			<center>0</center>
			<quantity>1</quantity>
		</tile>
	</tiles>
</tungrorum>